{"accuracy":0.7977099236641222,"f1":0.7336683417085427,"confusion_matrix":{"path":"media/images/confusion_matrix_0_90fbe250cc817b31fabe.png","format":"png","width":507,"height":480,"_type":"image-file","sha256":"90fbe250cc817b31fabe074b2f7c26932cb5ee26a2fdb0f58bf3ab3c5e424328","size":14462},"_timestamp":1.7624334872015932e+09,"_wandb":{"runtime":1},"_runtime":1,"_step":0}
