{"_step":0,"_wandb":{"runtime":0},"_runtime":0,"f1":0.9722222222222222,"_timestamp":1.762415816785703e+09}
