{"_timestamp":1.762328951955682e+09,"_step":0,"f1":0.9722222222222222,"_wandb":{"runtime":0},"_runtime":0}
